id,first_name,last_name,email,gender
990,Halsey,Andreone,handreone0@printfriendly.com,Agender
991,Web,Fountaine,wfountaine1@twitpic.com,Agender
992,Pepe,Skoggins,pskoggins2@diigo.com,Female
993,Goldie,Chevis,gchevis3@hatena.ne.jp,Genderfluid
994,Joli,Matuszewski,jmatuszewski4@4shared.com,Non-binary
995,Crysta,Wybern,cwybern5@eventbrite.com,Female
996,Evyn,Mulrean,emulrean6@sohu.com,Non-binary
997,Edgard,Kingdon,ekingdon7@soup.io,Bigender
998,Thoma,Casburn,tcasburn8@nyu.edu,Bigender
999,Gwynne,Chiene,gchiene9@google.ru,Male
1000,Nellie,MacDermand,nmacdermanda@accuweather.com,Polygender
,Mordecai,Tinston,mtinstonb@last.fm,Female
,Genovera,Woodthorpe,gwoodthorpec@spiegel.de,Non-binary
,Wallie,Daskiewicz,wdaskiewiczd@washington.edu,Genderqueer
,Darrel,Pigney,dpigneye@chicagotribune.com,Genderqueer
,Marta,Harfleet,mharfleetf@seesaa.net,Non-binary
,Josepha,Renvoys,jrenvoysg@ow.ly,Agender
,Ardath,Tebb,atebbh@storify.com,Female
,Tonnie,Thunderman,tthundermani@bloglines.com,Male
,Glen,Cerie,gceriej@pcworld.com,Non-binary
,Yule,Dickon,ydickonk@chronoengine.com,Bigender
,Jolynn,Duprey,jdupreyl@guardian.co.uk,Genderqueer
,Pascal,Mollene,pmollenem@bing.com,Genderfluid
,Byron,Di Nisco,bdiniscon@wsj.com,Female
,Nissa,Warrilow,nwarrilowo@hatena.ne.jp,Non-binary
,Ervin,Wyss,ewyssp@deliciousdays.com,Genderfluid
,Basile,McCarlie,bmccarlieq@altervista.org,Female
,Kessiah,Nerval,knervalr@mapy.cz,Polygender
,Mame,Kingsbury,mkingsburys@weebly.com,Male
,Johnathan,Wipper,jwippert@arstechnica.com,Genderfluid
,Cammy,Oldcote,coldcoteu@people.com.cn,Polygender
,Hayyim,Phair,hphairv@sitemeter.com,Bigender
,Lizabeth,Affleck,laffleckw@dell.com,Bigender
,Morton,Dicey,mdiceyx@tumblr.com,Male
,Marinna,Scopyn,mscopyny@geocities.com,Male
,Sascha,Sellars,ssellarsz@artisteer.com,Bigender
,Aloysia,Batiste,abatiste10@vinaora.com,Female
,Chaim,Sevitt,csevitt11@blog.com,Bigender
,Maddi,Duell,mduell12@bravesites.com,Bigender
,Alia,Guittet,aguittet13@sbwire.com,Polygender
,Herve,Caro,hcaro14@linkedin.com,Bigender
,Ursuline,Scourgie,uscourgie15@comcast.net,Agender
,Banky,Brearley,bbrearley16@edublogs.org,Genderfluid
,Chantal,Vescovini,cvescovini17@paypal.com,Genderqueer
,Theresita,Gliddon,tgliddon18@webs.com,Polygender
,Dulciana,Snooks,dsnooks19@so-net.ne.jp,Genderfluid
,Arlyne,Charnley,acharnley1a@vinaora.com,Male
,Bealle,Dishmon,bdishmon1b@latimes.com,Polygender
,Hyacinthie,Curee,hcuree1c@yale.edu,Non-binary
,Rosabella,Kroon,rkroon1d@amazon.de,Genderqueer
,Ciel,Budik,cbudik1e@ovh.net,Non-binary
,Seth,Baudou,sbaudou1f@ebay.co.uk,Female
,Annalise,Hessing,ahessing1g@ycombinator.com,Male
,Dalli,Sprott,dsprott1h@businesswire.com,Polygender
,Florry,Gori,fgori1i@sfgate.com,Male
,Allegra,Maber,amaber1j@about.com,Genderqueer
,Nickie,Collicott,ncollicott1k@narod.ru,Genderfluid
,Orland,Harriagn,oharriagn1l@nymag.com,Female
,Ruby,Westmarland,rwestmarland1m@washington.edu,Male
,Giacinta,Claesens,gclaesens1n@webeden.co.uk,Bigender
,Holli,Mulholland,hmulholland1o@printfriendly.com,Polygender
,Roxanne,Jacobbe,rjacobbe1p@economist.com,Agender
,Vance,Marquot,vmarquot1q@liveinternet.ru,Polygender
,Tripp,Mattholie,tmattholie1r@bravesites.com,Bigender
,Michale,Lattimore,mlattimore1s@washingtonpost.com,Polygender
,Stinky,Enefer,senefer1t@eventbrite.com,Male
,Oralie,Gealle,ogealle1u@gmpg.org,Polygender
,Raine,Couser,rcouser1v@adobe.com,Bigender
,Clem,Kleinber,ckleinber1w@gravatar.com,Agender
,Dareen,Swetenham,dswetenham1x@godaddy.com,Polygender
,Adela,Redholes,aredholes1y@livejournal.com,Genderfluid
,Marge,Cosens,mcosens1z@mayoclinic.com,Female
,Drusi,Wakeham,dwakeham20@census.gov,Agender
,Vanni,Justis,vjustis21@patch.com,Genderfluid
,Darcy,Allawy,dallawy22@squarespace.com,Bigender
,Liz,Masser,lmasser23@europa.eu,Genderfluid
,Veradis,Duncombe,vduncombe24@amazon.co.jp,Non-binary
,Germaine,Crissil,gcrissil25@hugedomains.com,Female
,Tania,Aylin,taylin26@mlb.com,Male
,Alessandra,Van der Son,avanderson27@fda.gov,Genderfluid
,Earle,Gercke,egercke28@globo.com,Polygender
,Ransom,Di Angelo,rdiangelo29@amazon.com,Genderqueer
,Bernete,Uc,buc2a@tamu.edu,Non-binary
,Moyna,Slowgrave,mslowgrave2b@rakuten.co.jp,Female
,Sharai,McAvinchey,smcavinchey2c@newsvine.com,Non-binary
,Henrik,Dalli,hdalli2d@live.com,Bigender
,Meredeth,Rusling,mrusling2e@privacy.gov.au,Genderfluid
,Jenny,Bunton,jbunton2f@canalblog.com,Bigender
,Freida,Buttle,fbuttle2g@ucsd.edu,Agender
,Zonda,Sharville,zsharville2h@ihg.com,Female
,Bentley,Corkett,bcorkett2i@webeden.co.uk,Polygender
,Pen,Orto,porto2j@cmu.edu,Bigender
,Lorelei,Durrance,ldurrance2k@webs.com,Agender
,Fernandina,Else,felse2l@taobao.com,Non-binary
,Sebastien,McGloughlin,smcgloughlin2m@mayoclinic.com,Male
,Maryl,Dalman,mdalman2n@google.co.uk,Agender
,Nancy,Whelpton,nwhelpton2o@vkontakte.ru,Genderfluid
,Delilah,Gontier,dgontier2p@over-blog.com,Polygender
,Rupert,Heffernan,rheffernan2q@booking.com,Non-binary
,Winston,Mault,wmault2r@squarespace.com,Male
,Shay,Bellringer,sbellringer2s@loc.gov,Bigender
,Finley,Firbank,ffirbank2t@chron.com,Non-binary
,Ilyssa,Johnsee,ijohnsee2u@bbc.co.uk,Non-binary
,Miltie,Eddis,meddis2v@tinypic.com,Male
,Aeriel,Leggatt,aleggatt2w@cyberchimps.com,Male
,Kelley,Jeandon,kjeandon2x@patch.com,Agender
,Melvyn,Thorpe,mthorpe2y@unc.edu,Bigender
,Ashley,Viles,aviles2z@merriam-webster.com,Non-binary
,Liz,Zylberdik,lzylberdik30@mail.ru,Polygender
,Ulises,Foulsham,ufoulsham31@acquirethisname.com,Female
,Darda,Bussens,dbussens32@sourceforge.net,Female
,Kelbee,Cockley,kcockley33@europa.eu,Female
,Neel,Tenny,ntenny34@virginia.edu,Genderqueer
,Kelley,Roubert,kroubert35@rambler.ru,Non-binary
,Zita,Brand,zbrand36@time.com,Bigender
,Rica,Skarman,rskarman37@nih.gov,Non-binary
,Boone,Flement,bflement38@ucla.edu,Bigender
,Say,Barkes,sbarkes39@theguardian.com,Bigender
,Fran,Dawnay,fdawnay3a@usda.gov,Polygender
,Vickie,Skelbeck,vskelbeck3b@home.pl,Female
,Ferdinand,Detoile,fdetoile3c@mail.ru,Genderfluid
,Gusella,Lockart,glockart3d@booking.com,Agender
,Dido,Thirtle,dthirtle3e@freewebs.com,Non-binary
,Shea,Twidale,stwidale3f@unesco.org,Genderfluid
,Wynnie,Phonix,wphonix3g@newyorker.com,Male
,Gunar,Sabbins,gsabbins3h@techcrunch.com,Non-binary
,Cornelius,Kleinpeltz,ckleinpeltz3i@washingtonpost.com,Genderfluid
,Moselle,Clery,mclery3j@dagondesign.com,Genderfluid
,Nilson,Woodroffe,nwoodroffe3k@opera.com,Polygender
,Fair,MacKereth,fmackereth3l@bbb.org,Genderqueer
,Nicoli,Kornalik,nkornalik3m@dmoz.org,Male
,Brigitte,Attersoll,battersoll3n@yolasite.com,Genderqueer
,Jasmina,Tumbridge,jtumbridge3o@creativecommons.org,Non-binary
,Benny,Kwietak,bkwietak3p@csmonitor.com,Female
,Krystyna,Canape,kcanape3q@sohu.com,Genderqueer
,Marion,Farebrother,mfarebrother3r@eventbrite.com,Non-binary
,Cecil,Careless,ccareless3s@barnesandnoble.com,Agender
,Tobye,Phare,tphare3t@nps.gov,Female
,Laurette,Grombridge,lgrombridge3u@intel.com,Male
,Victoir,Linkin,vlinkin3v@marriott.com,Bigender
,Thaddus,Cutchie,tcutchie3w@ftc.gov,Polygender
,Valentine,Cottee,vcottee3x@ameblo.jp,Polygender
,Laureen,Randell,lrandell3y@angelfire.com,Female
,Skippie,Faldoe,sfaldoe3z@dropbox.com,Male
,Jannel,Behagg,jbehagg40@ox.ac.uk,Genderfluid
,Elna,Barkworth,ebarkworth41@hugedomains.com,Non-binary
,Jobie,Bruneau,jbruneau42@nature.com,Bigender
,Jonah,Naul,jnaul43@fotki.com,Male
,Keelia,Scrowson,kscrowson44@cloudflare.com,Male
,Torie,Jecock,tjecock45@netvibes.com,Genderqueer
,Bianka,Jost,bjost46@eepurl.com,Agender
,Clemmy,McGarel,cmcgarel47@gnu.org,Agender
,Deborah,McKinnon,dmckinnon48@nationalgeographic.com,Female
,Robbert,Astie,rastie49@newsvine.com,Agender
,Massimo,Seeger,mseeger4a@blogspot.com,Male
,Wyn,Drinkel,wdrinkel4b@businessweek.com,Female
,Malcolm,Creber,mcreber4c@woothemes.com,Non-binary
,Lauryn,Macauley,lmacauley4d@qq.com,Male
,Jacobo,Kennefick,jkennefick4e@yahoo.com,Genderqueer
,Dode,Hildrew,dhildrew4f@lycos.com,Male
,Desiri,Palphramand,dpalphramand4g@hao123.com,Genderqueer
,Terza,Plaskitt,tplaskitt4h@rediff.com,Genderfluid
,Amble,Cannam,acannam4i@angelfire.com,Agender
,Nobe,Garthside,ngarthside4j@skyrock.com,Male
,Georgiana,Ailmer,gailmer4k@lulu.com,Agender
,Brant,Catlow,bcatlow4l@java.com,Male
,Giovanna,Knowller,gknowller4m@slideshare.net,Male
,Phyllys,Pringle,ppringle4n@who.int,Male
,Kelcy,Glavias,kglavias4o@mayoclinic.com,Agender
,Alfie,Hamments,ahamments4p@un.org,Male
,Arabelle,Scroggs,ascroggs4q@yale.edu,Agender
,Eldon,Gyngyll,egyngyll4r@theatlantic.com,Female
,Jayne,Zaple,jzaple4s@ocn.ne.jp,Bigender
,Florance,Kleszinski,fkleszinski4t@prweb.com,Bigender
,Jammal,Bigland,jbigland4u@slate.com,Genderfluid
,Thorvald,Deavall,tdeavall4v@goo.ne.jp,Female
,Cirilo,Lenahan,clenahan4w@jimdo.com,Agender
,Gaylene,Mapstone,gmapstone4x@prlog.org,Bigender
,Hamid,Haimes,hhaimes4y@mashable.com,Male
,Cordy,Rubert,crubert4z@github.com,Agender
,Martita,Fulloway,mfulloway50@constantcontact.com,Female
,Marlo,Lovel,mlovel51@imgur.com,Polygender
,Cari,Mendel,cmendel52@posterous.com,Polygender
,Ruttger,Graalmans,rgraalmans53@ehow.com,Genderfluid
,Adey,Blaylock,ablaylock54@vimeo.com,Genderfluid
,Tarra,Chedzoy,tchedzoy55@tamu.edu,Genderfluid
,Leland,Ryland,lryland56@bigcartel.com,Polygender
,Jannel,Hoggan,jhoggan57@amazon.com,Non-binary
,Jamie,Dodd,jdodd58@princeton.edu,Non-binary
,Kimmie,Turfus,kturfus59@fc2.com,Agender
,Garwood,Filintsev,gfilintsev5a@google.com.br,Male
,Barb,Giovanazzi,bgiovanazzi5b@techcrunch.com,Male
,Melamie,Weymont,mweymont5c@disqus.com,Female
,Hermie,Sunner,hsunner5d@npr.org,Female
,Al,Mongain,amongain5e@bloglines.com,Non-binary
,Garland,Odlin,godlin5f@youtube.com,Bigender
,Alexandr,Farndon,afarndon5g@wordpress.org,Agender
,Andy,Rylett,arylett5h@slate.com,Genderfluid
,Brigitte,Castledine,bcastledine5i@yahoo.co.jp,Genderfluid
,Maegan,Bonus,mbonus5j@sciencedaily.com,Genderfluid
,Lucretia,Kealy,lkealy5k@nytimes.com,Male
,Cherlyn,Bennet,cbennet5l@tmall.com,Genderqueer
,Krissy,Tschersich,ktschersich5m@deviantart.com,Bigender
,Annamarie,Denholm,adenholm5n@tamu.edu,Female
,Celinka,Byass,cbyass5o@google.fr,Non-binary
,Fidel,Whitewood,fwhitewood5p@biblegateway.com,Polygender
,Robby,Matous,rmatous5q@google.com,Agender
,Adel,Luffman,aluffman5r@globo.com,Male
,Caspar,Ughelli,cughelli5s@thetimes.co.uk,Bigender
,Jesus,Worsnup,jworsnup5t@eepurl.com,Non-binary
,Charlie,Loughren,cloughren5u@mysql.com,Male
,Jameson,Fayter,jfayter5v@geocities.jp,Agender
,Minna,Lainge,mlainge5w@amazon.co.jp,Genderfluid
,Pauli,Le Maitre,plemaitre5x@odnoklassniki.ru,Agender
,Marty,Coale,mcoale5y@desdev.cn,Non-binary
,Vittorio,Moline,vmoline5z@google.de,Bigender
,Bald,McLoney,bmcloney60@seesaa.net,Non-binary
,Yolane,Vinnicombe,yvinnicombe61@ifeng.com,Female
,Avrit,Filipic,afilipic62@booking.com,Male
,Deana,Tuther,dtuther63@behance.net,Genderqueer
,Gregory,Bertin,gbertin64@parallels.com,Bigender
,Jarrid,Laurisch,jlaurisch65@miitbeian.gov.cn,Male
,Timmie,Cicchitello,tcicchitello66@dmoz.org,Genderfluid
,Daphne,Sandwick,dsandwick67@ehow.com,Bigender
,Georges,Masarrat,gmasarrat68@house.gov,Female
,Hewett,Jori,hjori69@omniture.com,Agender
,Audi,Cella,acella6a@bloomberg.com,Polygender
,Isadore,Bizzey,ibizzey6b@rakuten.co.jp,Non-binary
,Tobias,Brainsby,tbrainsby6c@cnet.com,Polygender
,Tamma,McCully,tmccully6d@nasa.gov,Agender
,Truman,Hollerin,thollerin6e@gmpg.org,Non-binary
,Allard,Cuckoo,acuckoo6f@hhs.gov,Non-binary
,Maudie,Shellard,mshellard6g@cargocollective.com,Polygender
,Filberto,Kilrow,fkilrow6h@studiopress.com,Polygender
,Kiah,Eymor,keymor6i@squidoo.com,Male
,L;urette,Ten Broek,ltenbroek6j@netlog.com,Bigender
,Tamas,Anthoin,tanthoin6k@apache.org,Non-binary
,Codie,Walkingshaw,cwalkingshaw6l@bloglines.com,Agender
,Dannel,Gotts,dgotts6m@people.com.cn,Non-binary
,Kelli,Bifield,kbifield6n@prweb.com,Female
,Trish,Revie,trevie6o@boston.com,Bigender
,Alameda,Hearnes,ahearnes6p@google.com.hk,Non-binary
,Emmanuel,Worsnap,eworsnap6q@hhs.gov,Female
,Gisella,Greenstreet,ggreenstreet6r@narod.ru,Agender
,Currey,Haugen,chaugen6s@mapy.cz,Genderqueer
,Dolorita,Bartoshevich,dbartoshevich6t@chronoengine.com,Male
,Katheryn,Berg,kberg6u@hc360.com,Polygender
,Cal,Garnar,cgarnar6v@newyorker.com,Male
,Jude,Matteotti,jmatteotti6w@npr.org,Polygender
,Natal,Padillo,npadillo6x@adobe.com,Female
,Tallia,Birkmyr,tbirkmyr6y@accuweather.com,Non-binary
,Alfonse,Winterton,awinterton6z@blogs.com,Genderqueer
,Tildie,Inch,tinch70@sina.com.cn,Bigender
,Alyss,O' Clovan,aoclovan71@naver.com,Female
,Herrick,Teresi,hteresi72@google.ca,Non-binary
,Ephraim,Morcomb,emorcomb73@omniture.com,Bigender
,Netta,Spinola,nspinola74@storify.com,Male
,Jammie,Bielefeld,jbielefeld75@bloomberg.com,Bigender
,Shari,Feechan,sfeechan76@technorati.com,Agender
,Stavros,Yesipov,syesipov77@globo.com,Non-binary
,Lilas,Casolla,lcasolla78@arizona.edu,Male
,Fania,Soitoux,fsoitoux79@reverbnation.com,Male
,Nanci,Dauncey,ndauncey7a@nhs.uk,Non-binary
,Giraud,Edgson,gedgson7b@indiatimes.com,Genderqueer
,Dena,Ellery,dellery7c@icq.com,Genderqueer
,Amelita,Splaven,asplaven7d@netlog.com,Bigender
,Tudor,Gulley,tgulley7e@slate.com,Genderfluid
,Claudetta,Stilly,cstilly7f@nydailynews.com,Polygender
,Matthus,McGurk,mmcgurk7g@dailymotion.com,Male
,Tadeo,Gerritsma,tgerritsma7h@rakuten.co.jp,Agender
,Jodie,Thorrold,jthorrold7i@mtv.com,Genderfluid
,Donavon,Brymner,dbrymner7j@theguardian.com,Female
,Katerine,Milch,kmilch7k@columbia.edu,Non-binary
,Garreth,Spain,gspain7l@zdnet.com,Bigender
,Kevin,Barnaby,kbarnaby7m@over-blog.com,Genderqueer
,Antin,Denys,adenys7n@deviantart.com,Genderqueer
,Petey,Glowacki,pglowacki7o@engadget.com,Male
,Padraig,Bellocht,pbellocht7p@si.edu,Non-binary
,Kissee,Gell,kgell7q@umn.edu,Genderqueer
,Kassie,Marzellano,kmarzellano7r@facebook.com,Female
,Ania,Hickisson,ahickisson7s@list-manage.com,Genderfluid
,Kaycee,Linebarger,klinebarger7t@gov.uk,Bigender
,Shawnee,Loch,sloch7u@independent.co.uk,Genderfluid
,Daffie,Red,dred7v@wikipedia.org,Agender
,Wilbert,Tweedle,wtweedle7w@paypal.com,Bigender
,Ethelbert,Huxster,ehuxster7x@thetimes.co.uk,Agender
,Ariadne,Lenham,alenham7y@dailymotion.com,Male
,Pauly,Warlaw,pwarlaw7z@japanpost.jp,Bigender
,Frederik,MacCathay,fmaccathay80@dailymail.co.uk,Bigender
,Martelle,Brommage,mbrommage81@ezinearticles.com,Male
,Elaine,La Vigne,elavigne82@spotify.com,Agender
,Pren,Ibbetson,pibbetson83@163.com,Polygender
,Aloin,Margrie,amargrie84@umich.edu,Male
,Dulcie,Eagleston,deagleston85@redcross.org,Non-binary
,Tomkin,Ivanenko,tivanenko86@gnu.org,Non-binary
,Janessa,Antill,jantill87@g.co,Genderqueer
,Delmar,Brook,dbrook88@squidoo.com,Female
,Ansley,Pickle,apickle89@parallels.com,Male
,Rickey,Yitzovicz,ryitzovicz8a@oracle.com,Non-binary
,Sheryl,Crosse,scrosse8b@businessinsider.com,Polygender
,Kelli,Rolf,krolf8c@intel.com,Male
,Sianna,Ivatts,sivatts8d@arizona.edu,Male
,Antonio,Aasaf,aaasaf8e@nih.gov,Genderfluid
,Amory,Maharry,amaharry8f@yahoo.com,Agender
,Smitty,Rowsel,srowsel8g@sphinn.com,Female
,Ann-marie,Sjollema,asjollema8h@disqus.com,Female
,Lissy,Revill,lrevill8i@yahoo.com,Male
,Joli,Bartholomaus,jbartholomaus8j@census.gov,Bigender
,Forest,Ketteridge,fketteridge8k@hatena.ne.jp,Male
,Abba,Childrens,achildrens8l@aol.com,Genderfluid
,Trevor,Lestor,tlestor8m@tripod.com,Genderfluid
,Modesty,Fitchett,mfitchett8n@goo.ne.jp,Non-binary
,Avivah,Biermatowicz,abiermatowicz8o@alexa.com,Genderfluid
,Scot,Maharry,smaharry8p@youku.com,Female
,Husein,Twort,htwort8q@ow.ly,Agender
,Harland,Redmayne,hredmayne8r@cloudflare.com,Bigender
,Gnni,Lacer,glacer8s@google.ru,Male
,Rogers,Kennett,rkennett8t@samsung.com,Male
,Putnam,Ciccoloi,pciccoloi8u@zdnet.com,Agender
,Enriqueta,Sandercock,esandercock8v@slate.com,Bigender
,Ellynn,Siely,esiely8w@japanpost.jp,Bigender
,Michel,Benedite,mbenedite8x@usa.gov,Male
,Chloette,L'oiseau,cloiseau8y@craigslist.org,Agender
,Edin,Tumber,etumber8z@icio.us,Agender
,Corabel,Lumsdaine,clumsdaine90@vinaora.com,Non-binary
,Thorpe,Sircomb,tsircomb91@va.gov,Male
,Tabbatha,Reagan,treagan92@hexun.com,Genderqueer
,Rochell,Gerhartz,rgerhartz93@sohu.com,Agender
,Bren,Iscowitz,biscowitz94@angelfire.com,Female
,Celinka,Dykes,cdykes95@typepad.com,Genderqueer
,Carmine,Dutnall,cdutnall96@edublogs.org,Female
,Emmaline,Inchbald,einchbald97@xing.com,Male
,Marillin,Ridpath,mridpath98@jiathis.com,Genderqueer
,Langston,Buddington,lbuddington99@mac.com,Genderfluid
,Elliott,Binney,ebinney9a@dell.com,Agender
,Zorine,Riall,zriall9b@dailymail.co.uk,Male
,Hedda,Annott,hannott9c@tripod.com,Female
,Jami,Gianneschi,jgianneschi9d@noaa.gov,Bigender
,Teresa,Marian,tmarian9e@wiley.com,Non-binary
,Rosetta,Wagstaffe,rwagstaffe9f@rediff.com,Agender
,Corrie,Dresser,cdresser9g@paginegialle.it,Female
,Melisse,Bullick,mbullick9h@soup.io,Genderqueer
,Oriana,Bletso,obletso9i@ask.com,Male
,Adaline,Sapshed,asapshed9j@nytimes.com,Genderfluid
,Dyanna,Mousby,dmousby9k@skyrock.com,Male
,Alphard,Elms,aelms9l@ftc.gov,Bigender
,Madlin,Filippi,mfilippi9m@shop-pro.jp,Polygender
,Reinaldo,Adamovicz,radamovicz9n@bloglines.com,Agender
,Patten,Hollindale,phollindale9o@cnn.com,Agender
,Nanni,Walhedd,nwalhedd9p@amazon.co.jp,Male
,Poppy,Shiers,pshiers9q@pagesperso-orange.fr,Genderqueer
,Mayor,Pitchers,mpitchers9r@creativecommons.org,Non-binary
,Gerrie,Bowmen,gbowmen9s@unblog.fr,Female
,Pierre,Dannohl,pdannohl9t@stanford.edu,Agender
,Pia,Veljes,pveljes9u@scientificamerican.com,Non-binary
,Brennen,Merioth,bmerioth9v@google.ca,Bigender
,Harland,Rheubottom,hrheubottom9w@uiuc.edu,Bigender
,Katuscha,Teulier,kteulier9x@microsoft.com,Non-binary
,Becki,Parmley,bparmley9y@paginegialle.it,Male
,Dodie,Swatland,dswatland9z@comsenz.com,Agender
,Hewet,Madine,hmadinea0@cbc.ca,Genderqueer
,Davon,Hinstock,dhinstocka1@admin.ch,Non-binary
,Vinny,Verry,vverrya2@issuu.com,Agender
,Flor,Van Velden,fvanveldena3@independent.co.uk,Genderfluid
,Ignacio,Hurlin,ihurlina4@mit.edu,Genderfluid
,Dredi,Hasney,dhasneya5@answers.com,Male
,Rivkah,De Blase,rdeblasea6@cmu.edu,Non-binary
,Quill,Maleby,qmalebya7@howstuffworks.com,Polygender
,Alonso,McKeran,amckerana8@epa.gov,Bigender
,Rorke,Ferronet,rferroneta9@engadget.com,Genderqueer
,Lena,Vinall,lvinallaa@imageshack.us,Non-binary
,Yasmeen,McKerlie,ymckerlieab@4shared.com,Male
,Brana,Derisly,bderislyac@cnbc.com,Genderfluid
,Lenka,Dyett,ldyettad@edublogs.org,Agender
,Berny,Jolin,bjolinae@webnode.com,Bigender
,Desdemona,Sale,dsaleaf@smh.com.au,Non-binary
,Myrna,Ochterlony,mochterlonyag@deliciousdays.com,Agender
,Chantal,Segar,csegarah@tripadvisor.com,Male
,Emogene,Lorenzin,elorenzinai@moonfruit.com,Male
,Benoite,Norree,bnorreeaj@bloglovin.com,Polygender
,Quintin,Disney,qdisneyak@seesaa.net,Bigender
,Ayn,Thibodeaux,athibodeauxal@blogs.com,Bigender
,Lu,Ayers,layersam@cdc.gov,Male
,Herschel,Billham,hbillhaman@disqus.com,Male
,Evangelina,Trevett,etrevettao@sfgate.com,Genderfluid
,Shandy,Crabbe,scrabbeap@seesaa.net,Male
,Mae,Cosgreave,mcosgreaveaq@statcounter.com,Agender
,Cynthia,Grabert,cgrabertar@amazon.de,Genderqueer
,Marris,Baggelley,mbaggelleyas@constantcontact.com,Non-binary
,Thoma,Lenaghen,tlenaghenat@example.com,Bigender
,Kathleen,Kohter,kkohterau@dyndns.org,Bigender
,Sashenka,Smaile,ssmaileav@163.com,Genderqueer
,Regina,Turley,rturleyaw@domainmarket.com,Male
,Idaline,Torbard,itorbardax@xing.com,Female
,Joletta,Monger,jmongeray@go.com,Non-binary
,Carline,Josipovitz,cjosipovitzaz@360.cn,Genderfluid
,Anne-corinne,Chippin,achippinb0@pen.io,Polygender
,Nicko,Pendle,npendleb1@princeton.edu,Polygender
,Jillie,Crosthwaite,jcrosthwaiteb2@privacy.gov.au,Bigender
,Almeria,Bowater,abowaterb3@goo.ne.jp,Bigender
,Erhart,Dencs,edencsb4@goodreads.com,Agender
,Brod,Cocke,bcockeb5@bloglines.com,Genderfluid
,Armando,Pickthall,apickthallb6@imdb.com,Male
,Federica,Wagen,fwagenb7@trellian.com,Genderqueer
,Jo,Delooze,jdeloozeb8@indiatimes.com,Male
,Flore,Davidov,fdavidovb9@gov.uk,Bigender
,Ollie,Curthoys,ocurthoysba@jiathis.com,Polygender
,Marietta,McCaster,mmccasterbb@uol.com.br,Genderqueer
,Udell,Chang,uchangbc@latimes.com,Genderfluid
,Gerome,Wrenn,gwrennbd@amazon.co.uk,Bigender
,Koo,Garbert,kgarbertbe@delicious.com,Agender
,Jodi,Sans,jsansbf@goo.ne.jp,Male
,Vyky,Tompkins,vtompkinsbg@squidoo.com,Non-binary
,Sally,Crowter,scrowterbh@amazon.com,Polygender
,Beale,Eustice,beusticebi@ca.gov,Polygender
,Derril,Renals,drenalsbj@usatoday.com,Genderfluid
,Franny,Marusik,fmarusikbk@blog.com,Genderqueer
,Zelma,Ferrucci,zferruccibl@xing.com,Male
,Jefferey,Mauro,jmaurobm@omniture.com,Genderqueer
,Rubin,Lamers,rlamersbn@npr.org,Genderfluid
,Gizela,Durrans,gdurransbo@nsw.gov.au,Genderqueer
,Bary,Washbrook,bwashbrookbp@usda.gov,Genderfluid
,Edik,Olivie,eoliviebq@bing.com,Male
,Kin,O'Hederscoll,kohederscollbr@mit.edu,Genderfluid
,Teresita,Porter,tporterbs@unicef.org,Non-binary
,Aurlie,Rugiero,arugierobt@nhs.uk,Polygender
,Elinore,Drysdale,edrysdalebu@prlog.org,Genderqueer
,Janey,Ottee,jotteebv@domainmarket.com,Agender
,Dulcinea,Filoniere,dfilonierebw@japanpost.jp,Female
,Merl,Owbridge,mowbridgebx@behance.net,Non-binary
,Franny,O'Feeny,fofeenyby@seesaa.net,Bigender
,Charline,Defont,cdefontbz@house.gov,Polygender
,Brok,Lumber,blumberc0@deliciousdays.com,Polygender
,Shannen,Mountain,smountainc1@chicagotribune.com,Female
,Trixie,Wraggs,twraggsc2@earthlink.net,Bigender
,Aubree,Eastment,aeastmentc3@ocn.ne.jp,Female
,Burg,Behnecken,bbehneckenc4@feedburner.com,Genderqueer
,Breena,Maffi,bmaffic5@telegraph.co.uk,Polygender
,Rica,Whittick,rwhittickc6@craigslist.org,Agender
,Helena,Fairpool,hfairpoolc7@topsy.com,Bigender
,Eleanore,Tozer,etozerc8@sitemeter.com,Non-binary
,Krystalle,Lackeye,klackeyec9@qq.com,Genderqueer
,Elisa,Gabotti,egabottica@nature.com,Non-binary
,Aurilia,Olenchenko,aolenchenkocb@irs.gov,Non-binary
,Astrix,Checchetelli,achecchetellicc@scientificamerican.com,Genderfluid
,Kaela,Soigne,ksoignecd@godaddy.com,Genderqueer
,Ronald,Biggin,rbiggince@sourceforge.net,Genderfluid
,Teddi,Loakes,tloakescf@gnu.org,Genderfluid
,Pasquale,Farens,pfarenscg@ezinearticles.com,Female
,Alex,Beany,abeanych@yandex.ru,Bigender
,Marrilee,Twitching,mtwitchingci@freewebs.com,Agender
,Othella,Cosgrove,ocosgrovecj@example.com,Genderfluid
,Haley,Sterre,hsterreck@nba.com,Polygender
,Mitchell,Livingstone,mlivingstonecl@wunderground.com,Genderqueer
,Roselin,Dally,rdallycm@cloudflare.com,Bigender
,Broderick,Chesters,bchesterscn@deliciousdays.com,Bigender
,Gael,De Simone,gdesimoneco@bbc.co.uk,Genderqueer
,Leonid,Goulborn,lgoulborncp@fotki.com,Genderqueer
,Xerxes,Cassy,xcassycq@diigo.com,Female
,Lay,Bukowski,lbukowskicr@cmu.edu,Agender
,Cindi,Pennazzi,cpennazzics@nhs.uk,Agender
,Horst,Hitzschke,hhitzschkect@cam.ac.uk,Bigender
,Moishe,Choat,mchoatcu@diigo.com,Agender
,Calhoun,Bachelor,cbachelorcv@fema.gov,Agender
,Nelli,Trethowan,ntrethowancw@smh.com.au,Genderfluid
,Ronald,Hinken,rhinkencx@miitbeian.gov.cn,Agender
,Heath,Conquer,hconquercy@who.int,Polygender
,Liesa,Addenbrooke,laddenbrookecz@archive.org,Non-binary
,Beatrisa,Jarad,bjaradd0@wunderground.com,Agender
,Lori,Lindback,llindbackd1@shinystat.com,Genderqueer
,Barde,Cotty,bcottyd2@slate.com,Genderqueer
,Earvin,Haycraft,ehaycraftd3@creativecommons.org,Male
,Lynett,Hedditch,lhedditchd4@dailymail.co.uk,Male
,Aprilette,Boundey,aboundeyd5@reference.com,Non-binary
,Bianca,Aiskovitch,baiskovitchd6@artisteer.com,Genderqueer
,Henka,Madgewick,hmadgewickd7@hubpages.com,Bigender
,Eleonora,Cornbell,ecornbelld8@tamu.edu,Genderfluid
,Keary,Flemming,kflemmingd9@answers.com,Bigender
,Papageno,Hadley,phadleyda@noaa.gov,Male
,Witty,Zannini,wzanninidb@amazon.co.jp,Agender
,Svend,Dignan,sdignandc@ezinearticles.com,Polygender
,Nalani,Kalinsky,nkalinskydd@mail.ru,Agender
,Dre,Wimes,dwimesde@dagondesign.com,Female
,Auberta,Linsay,alinsaydf@upenn.edu,Genderqueer
,Miles,Renneke,mrennekedg@bizjournals.com,Male
,Tann,Diehn,tdiehndh@soup.io,Bigender
,Ferris,Minor,fminordi@over-blog.com,Agender
,Eolande,Rozet,erozetdj@nbcnews.com,Genderfluid
,Federico,McFayden,fmcfaydendk@vkontakte.ru,Polygender
,Dora,Kumar,dkumardl@canalblog.com,Agender
,Guss,Munday,gmundaydm@networkadvertising.org,Genderfluid
,Jeanne,Ledner,jlednerdn@blogspot.com,Male
,Harley,Matteuzzi,hmatteuzzido@alexa.com,Non-binary
,Jamal,Yakubov,jyakubovdp@goodreads.com,Male
,Noble,Yurkiewicz,nyurkiewiczdq@barnesandnoble.com,Genderfluid
,Ilka,LaBastida,ilabastidadr@webnode.com,Genderqueer
,Jessie,Briskey,jbriskeyds@ezinearticles.com,Non-binary
,Reade,Ormond,rormonddt@dell.com,Genderfluid
,Fernando,Chisholme,fchisholmedu@flickr.com,Polygender
,Paulie,Fiddeman,pfiddemandv@mlb.com,Genderqueer
,Lynn,Cutriss,lcutrissdw@cnn.com,Male
,Tanny,Stern,tsterndx@fastcompany.com,Female
,Nat,Kment,nkmentdy@washingtonpost.com,Polygender
,Colette,Norrie,cnorriedz@census.gov,Polygender
,Roderic,Swynfen,rswynfene0@1688.com,Male
,Kora,Robel,krobele1@si.edu,Female
,Morten,Verrechia,mverrechiae2@utexas.edu,Agender
,Allistir,Daughtrey,adaughtreye3@phoca.cz,Non-binary
,Erika,Roches,erochese4@example.com,Female
,Whitaker,Pie,wpiee5@blogtalkradio.com,Agender
,Carlie,Bowditch,cbowditche6@nytimes.com,Genderfluid
,Ade,MacNess,amacnesse7@wikipedia.org,Female
,Nissa,Eborn,neborne8@epa.gov,Polygender
,Maybelle,Benny,mbennye9@tinyurl.com,Non-binary
,Noami,Stilgo,nstilgoea@istockphoto.com,Female
,Joshia,Foye,jfoyeeb@who.int,Non-binary
,Kristien,McWhorter,kmcwhorterec@de.vu,Bigender
,Selle,Haddow,shaddowed@gmpg.org,Non-binary
,Hildagard,Levay,hlevayee@deliciousdays.com,Genderqueer
,Grethel,McCullogh,gmcculloghef@addtoany.com,Polygender
,Kit,Laurenz,klaurenzeg@oakley.com,Polygender
,Eleanora,Crother,ecrothereh@cpanel.net,Polygender
,Anestassia,Bucham,abuchamei@ihg.com,Male
,Bridgette,Hindenberger,bhindenbergerej@umn.edu,Bigender
,Carlin,Raycroft,craycroftek@ibm.com,Male
,Niel,McCrone,nmccroneel@ocn.ne.jp,Male
,Janene,Tennick,jtennickem@dedecms.com,Polygender
,Issie,Callam,icallamen@photobucket.com,Female
,Bernice,Sebborn,bsebborneo@weibo.com,Agender
,Simmonds,Hellcat,shellcatep@furl.net,Female
,Edie,Sotheby,esothebyeq@cnet.com,Genderfluid
,Sam,Baily,sbailyer@diigo.com,Female
,Dodie,Shellsheere,dshellsheerees@pinterest.com,Non-binary
,Dwayne,Sidden,dsiddenet@posterous.com,Female
,Frans,Zannelli,fzannellieu@cnn.com,Genderfluid
,Verge,Kilroy,vkilroyev@pagesperso-orange.fr,Genderqueer
,Johny,Malmar,jmalmarew@amazon.co.jp,Bigender
,Carlynn,Eccott,ceccottex@army.mil,Genderqueer
,Dario,Hefferan,dhefferaney@soundcloud.com,Male
,Janeczka,Whinray,jwhinrayez@behance.net,Agender
,Antons,Desesquelle,adesesquellef0@com.com,Male
,Klemens,Dowman,kdowmanf1@cornell.edu,Genderqueer
,Nanci,Cornillot,ncornillotf2@webeden.co.uk,Non-binary
,Rosemarie,Begg,rbeggf3@multiply.com,Polygender
,Stanislaus,Kayser,skayserf4@uiuc.edu,Genderqueer
,Consuelo,Keyme,ckeymef5@chronoengine.com,Genderqueer
,Celestyna,McAlpine,cmcalpinef6@gmpg.org,Genderfluid
,Antone,Broyd,abroydf7@lulu.com,Genderqueer
,Clio,Huffy,chuffyf8@nydailynews.com,Male
,Kacie,Poppy,kpoppyf9@multiply.com,Agender
,Hillyer,Emson,hemsonfa@example.com,Bigender
,Thekla,Moakler,tmoaklerfb@craigslist.org,Non-binary
,Ilse,Vannuchi,ivannuchifc@wix.com,Male
,Orson,Swinden,oswindenfd@cloudflare.com,Genderqueer
,Damien,Fincken,dfinckenfe@squarespace.com,Genderqueer
,Mal,Fidgett,mfidgettff@about.com,Agender
,Chane,Cropton,ccroptonfg@discovery.com,Genderqueer
,Philippa,Jolliss,pjollissfh@businessinsider.com,Male
,Modestia,Figger,mfiggerfi@plala.or.jp,Agender
,Ricardo,Shawyer,rshawyerfj@taobao.com,Non-binary
,Ashlen,Medlar,amedlarfk@multiply.com,Non-binary
,Brena,De Beauchemp,bdebeauchempfl@reddit.com,Female
,Xylia,Bernardinelli,xbernardinellifm@google.com,Female
,Wheeler,Edmundson,wedmundsonfn@prweb.com,Polygender
,Jeannine,Barrow,jbarrowfo@telegraph.co.uk,Polygender
,Madel,Chartres,mchartresfp@mozilla.org,Genderfluid
,Janifer,Scholes,jscholesfq@pagesperso-orange.fr,Genderfluid
,Tabbie,Coult,tcoultfr@ow.ly,Male
,Arman,Tench,atenchfs@wordpress.com,Male
,Martie,Fursse,mfursseft@chicagotribune.com,Non-binary
,Nancy,Laborde,nlabordefu@deviantart.com,Agender
,Caye,Daintree,cdaintreefv@springer.com,Polygender
,Clarissa,Sebley,csebleyfw@loc.gov,Agender
,Anderson,Midghall,amidghallfx@cisco.com,Male
,Kacy,Hansford,khansfordfy@cam.ac.uk,Bigender
,Genia,Privett,gprivettfz@columbia.edu,Genderqueer
,Tish,Tomankiewicz,ttomankiewiczg0@rakuten.co.jp,Polygender
,Loren,Tichelaar,ltichelaarg1@chron.com,Female
,Feliza,Stollwerck,fstollwerckg2@phpbb.com,Female
,Marysa,Maybury,mmayburyg3@wp.com,Male
,Clari,Sleeford,csleefordg4@si.edu,Male
,Orbadiah,Cockrill,ocockrillg5@studiopress.com,Agender
,Nobie,Klicher,nklicherg6@dion.ne.jp,Agender
,Rufus,Ungerecht,rungerechtg7@yale.edu,Non-binary
,Armand,Widd,awiddg8@shop-pro.jp,Female
,Virginie,Presland,vpreslandg9@surveymonkey.com,Bigender
,Maressa,Emm,memmga@go.com,Polygender
,Marlee,Nucator,mnucatorgb@amazon.co.uk,Agender
,Gan,Lygoe,glygoegc@tripadvisor.com,Genderqueer
,Alfred,Hamer,ahamergd@tiny.cc,Polygender
,Armin,Hobbing,ahobbingge@sun.com,Bigender
,Gabby,List,glistgf@cyberchimps.com,Agender
,Norris,Logsdail,nlogsdailgg@sohu.com,Agender
,Alanah,Kik,akikgh@twitpic.com,Male
,Nobe,Hollow,nhollowgi@behance.net,Agender
,Anett,Illston,aillstongj@csmonitor.com,Genderqueer
,Eb,Barizeret,ebarizeretgk@yahoo.com,Agender
,Lorenza,Ghelerdini,lghelerdinigl@loc.gov,Genderfluid
,Berni,Sidden,bsiddengm@google.it,Bigender
,Hana,Clague,hclaguegn@wikispaces.com,Polygender
,Luz,Maleham,lmalehamgo@ucoz.com,Agender
,Trixie,Lightwood,tlightwoodgp@yelp.com,Polygender
,Jeniece,Filippo,jfilippogq@discuz.net,Genderfluid
,Kaleena,Dell 'Orto,kdellortogr@comsenz.com,Genderfluid
,Rutter,Ormes,rormesgs@springer.com,Male
,Dania,Denington,ddeningtongt@yandex.ru,Male
,Dara,Varrow,dvarrowgu@exblog.jp,Genderqueer
,Michele,Bleby,mblebygv@biglobe.ne.jp,Genderfluid
,Margo,Bellworthy,mbellworthygw@t-online.de,Polygender
,Honor,Pitchers,hpitchersgx@squarespace.com,Male
,Anabella,Reeday,areedaygy@businesswire.com,Female
,Tillie,Popley,tpopleygz@discuz.net,Genderqueer
,Aurelea,Lammerich,alammerichh0@qq.com,Agender
,Patric,Canelas,pcanelash1@ustream.tv,Male
,Zolly,Huetson,zhuetsonh2@adobe.com,Bigender
,Merola,Pickervance,mpickervanceh3@wikimedia.org,Polygender
,Ellwood,Hilary,ehilaryh4@163.com,Agender
,Ina,Goede,igoedeh5@ycombinator.com,Genderfluid
,Ansel,Castree,acastreeh6@ow.ly,Agender
,Sheeree,Simner,ssimnerh7@umn.edu,Agender
,Teddy,Mottini,tmottinih8@slate.com,Genderfluid
,Kristien,Missington,kmissingtonh9@webnode.com,Female
,Quintina,Alred,qalredha@imgur.com,Polygender
,Brenda,Dorr,bdorrhb@nasa.gov,Female
,Shaylynn,Berzin,sberzinhc@theguardian.com,Non-binary
,Margarette,Leyden,mleydenhd@sciencedirect.com,Polygender
,Read,Kleewein,rkleeweinhe@disqus.com,Male
,Jo,Windross,jwindrosshf@comcast.net,Female
,Kylen,Toby,ktobyhg@dot.gov,Genderqueer
,Tiffi,Zylberdik,tzylberdikhh@yolasite.com,Non-binary
,Valida,Matveyev,vmatveyevhi@printfriendly.com,Non-binary
,Gherardo,Gavriel,ggavrielhj@ft.com,Female
,Casey,Axup,caxuphk@google.com,Female
,Candra,Clardge,cclardgehl@cornell.edu,Polygender
,Rosco,Guile,rguilehm@moonfruit.com,Genderqueer
,Edgard,Holtaway,eholtawayhn@t-online.de,Bigender
,Tabatha,Bilney,tbilneyho@slashdot.org,Male
,Alister,Wickrath,awickrathhp@bizjournals.com,Genderfluid
,Karina,Jizhaki,kjizhakihq@oakley.com,Bigender
,Pat,Byrcher,pbyrcherhr@creativecommons.org,Bigender
,Billie,Goodlud,bgoodludhs@purevolume.com,Male
,Quill,Broadbent,qbroadbentht@nymag.com,Agender
,Shepherd,Yearnes,syearneshu@dion.ne.jp,Genderfluid
,Alexandra,Feenan,afeenanhv@bbc.co.uk,Bigender
,Otes,Norcliffe,onorcliffehw@admin.ch,Bigender
,Bendick,Gligoraci,bgligoracihx@cbc.ca,Agender
,Munmro,Brito,mbritohy@gravatar.com,Bigender
,Lon,Edkins,ledkinshz@squidoo.com,Female
,Estrella,Youens,eyouensi0@bloomberg.com,Polygender
,Adeline,Perring,aperringi1@comcast.net,Polygender
,Carson,Riall,crialli2@dot.gov,Non-binary
,Ginevra,Brittle,gbrittlei3@quantcast.com,Male
,Dorelia,Ferriby,dferribyi4@friendfeed.com,Non-binary
,Kathie,Ferrarello,kferrarelloi5@ca.gov,Polygender
,Annabell,Comins,acominsi6@zdnet.com,Polygender
,Aryn,Tydd,atyddi7@trellian.com,Genderfluid
,Knox,Stoddart,kstoddarti8@accuweather.com,Agender
,Neille,Scholfield,nscholfieldi9@infoseek.co.jp,Bigender
,Millisent,Housbie,mhousbieia@canalblog.com,Bigender
,Baily,Caddy,bcaddyib@biglobe.ne.jp,Genderfluid
,Levey,Pancoust,lpancoustic@prlog.org,Genderqueer
,Webb,Gavrieli,wgavrieliid@xinhuanet.com,Agender
,Raddy,Dumphry,rdumphryie@fema.gov,Bigender
,Zelda,Lob,zlobif@arstechnica.com,Male
,Rafaelita,Parkhouse,rparkhouseig@arizona.edu,Bigender
,Ruby,Eames,reamesih@un.org,Genderqueer
,Margette,Parley,mparleyii@dion.ne.jp,Agender
,Felice,Lightning,flightningij@dropbox.com,Polygender
,Doloritas,Akhurst,dakhurstik@simplemachines.org,Polygender
,Kaitlin,Seymour,kseymouril@dedecms.com,Genderfluid
,Joleen,Matyushenko,jmatyushenkoim@gnu.org,Genderfluid
,Mylo,Sollime,msollimein@webmd.com,Agender
,Querida,Jostan,qjostanio@friendfeed.com,Bigender
,Consalve,Gaunter,cgaunterip@ameblo.jp,Female
,Erasmus,Haythorne,ehaythorneiq@behance.net,Genderfluid
,Brnaby,Lantiffe,blantiffeir@hatena.ne.jp,Female
,Salem,Brevetor,sbrevetoris@arizona.edu,Genderqueer
,Dore,Dilley,ddilleyit@google.com,Polygender
,Cecilio,Tabert,ctabertiu@wisc.edu,Non-binary
,Lilli,Jobey,ljobeyiv@fda.gov,Bigender
,Roseanne,Peirson,rpeirsoniw@bloomberg.com,Genderqueer
,Yevette,Harvison,yharvisonix@xinhuanet.com,Genderqueer
,Rozanna,Di Pietro,rdipietroiy@angelfire.com,Polygender
,Trevar,Pardoe,tpardoeiz@amazon.co.uk,Female
,Gib,Veltmann,gveltmannj0@theatlantic.com,Agender
,Brew,Gwyer,bgwyerj1@ocn.ne.jp,Male
,Sheridan,O'Mannion,somannionj2@constantcontact.com,Non-binary
,Erek,Chugg,echuggj3@nasa.gov,Male
,Anthiathia,Wraith,awraithj4@163.com,Agender
,Becka,Formoy,bformoyj5@diigo.com,Bigender
,Isahella,Pettinger,ipettingerj6@blogs.com,Male
,Virge,Jendrys,vjendrysj7@admin.ch,Genderfluid
,Nara,Dumphry,ndumphryj8@comcast.net,Bigender
,Reggi,Sherwell,rsherwellj9@sciencedaily.com,Genderfluid
,Allayne,Peebles,apeeblesja@techcrunch.com,Bigender
,Hillyer,Ledrane,hledranejb@deviantart.com,Genderqueer
,Isidore,Billborough,ibillboroughjc@163.com,Agender
,Temp,Faulds,tfauldsjd@spiegel.de,Bigender
,Holly,Sarrell,hsarrellje@google.es,Female
,Evelina,Lackemann,elackemannjf@cdbaby.com,Genderqueer
,Andi,Looney,alooneyjg@army.mil,Polygender
,Elset,Sola,esolajh@cafepress.com,Agender
,Emmeline,Audley,eaudleyji@epa.gov,Polygender
,Martin,Anand,manandjj@wikispaces.com,Genderqueer
,Elicia,Yeude,eyeudejk@tumblr.com,Non-binary
,Leese,Spriddle,lspriddlejl@google.it,Polygender
,Wynn,Enefer,weneferjm@disqus.com,Genderfluid
,Fannie,Danovich,fdanovichjn@narod.ru,Polygender
,Shane,Whettleton,swhettletonjo@sakura.ne.jp,Female
,Yurik,Rhule,yrhulejp@nba.com,Genderqueer
,Wynn,Yurocjkin,wyurocjkinjq@narod.ru,Agender
,Ira,Herion,iherionjr@google.co.jp,Agender
,Wilton,Van T'Hoog,wvanthoogjs@flavors.me,Polygender
,Evangelia,Dows,edowsjt@wiley.com,Polygender
,Dorri,Smethurst,dsmethurstju@weather.com,Genderfluid
,Neall,Pirrone,npirronejv@state.gov,Female
,Tally,Saur,tsaurjw@webmd.com,Bigender
,Sherman,Mashal,smashaljx@timesonline.co.uk,Genderfluid
,Nevsa,Mathiot,nmathiotjy@google.it,Genderqueer
,Lilia,Matokhnin,lmatokhninjz@nytimes.com,Genderqueer
,Harmonia,Tuckwood,htuckwoodk0@state.tx.us,Polygender
,Emalee,Malia,emaliak1@vkontakte.ru,Agender
,Saunders,Mabbe,smabbek2@deviantart.com,Agender
,Devin,Adrain,dadraink3@cbc.ca,Polygender
,Latashia,MacFarlane,lmacfarlanek4@washington.edu,Non-binary
,Lorilee,Hanington,lhaningtonk5@npr.org,Male
,Nelle,Gentry,ngentryk6@rediff.com,Polygender
,Glyn,Fothergill,gfothergillk7@redcross.org,Polygender
,Giraud,Scardifeild,gscardifeildk8@msu.edu,Female
,Brittni,Annable,bannablek9@prweb.com,Bigender
,Ervin,Hargreave,ehargreaveka@sciencedirect.com,Female
,Ferdy,Bundey,fbundeykb@weather.com,Genderfluid
,Eberto,Letford,eletfordkc@oaic.gov.au,Non-binary
,Caryn,Sheward,cshewardkd@mozilla.org,Non-binary
,Brewer,Doni,bdonike@un.org,Agender
,Henryetta,Adriani,hadrianikf@addtoany.com,Polygender
,Gilburt,Hainning,ghainningkg@plala.or.jp,Female
,Abbe,Mac,amackh@weibo.com,Genderfluid
,Fulton,Edgerton,fedgertonki@slate.com,Genderqueer
,Alia,Applegarth,aapplegarthkj@wikipedia.org,Agender
,Bernard,Haton,bhatonkk@360.cn,Non-binary
,Shawn,Horsey,shorseykl@bloomberg.com,Female
,Arline,Jephson,ajephsonkm@artisteer.com,Bigender
,Hagen,Dryburgh,hdryburghkn@bbb.org,Non-binary
,Maible,Gilliat,mgilliatko@nydailynews.com,Genderqueer
,Gayle,Pothergill,gpothergillkp@symantec.com,Genderfluid
,Chilton,Willstrop,cwillstropkq@shop-pro.jp,Female
,Davida,Cornew,dcornewkr@about.com,Male
,Hedwiga,Heistermann,hheistermannks@delicious.com,Female
,Clerkclaude,Thompstone,cthompstonekt@addthis.com,Genderqueer
,Lucius,Jorge,ljorgeku@kickstarter.com,Bigender
,Pavlov,Anespie,panespiekv@latimes.com,Bigender
,Caterina,Helliwell,chelliwellkw@unesco.org,Agender
,Ralph,Heggs,rheggskx@altervista.org,Genderfluid
,Archibald,Jeroch,ajerochky@facebook.com,Agender
,Karil,Sprason,ksprasonkz@fda.gov,Bigender
,Zach,Simmank,zsimmankl0@tinypic.com,Genderfluid
,Arlyne,Banbrook,abanbrookl1@who.int,Polygender
,Reginald,Truss,rtrussl2@cbslocal.com,Bigender
,Guinna,Touhig,gtouhigl3@weibo.com,Non-binary
,Dewie,Burns,dburnsl4@furl.net,Polygender
,Robyn,McElmurray,rmcelmurrayl5@istockphoto.com,Polygender
,Giacinta,Watford,gwatfordl6@plala.or.jp,Genderqueer
,Karyn,Churching,kchurchingl7@pinterest.com,Male
,Nickolai,Pentony,npentonyl8@baidu.com,Male
,Idalia,Capini,icapinil9@examiner.com,Genderqueer
,Joyous,Hodgon,jhodgonla@wufoo.com,Non-binary
,Claire,Senn,csennlb@nba.com,Bigender
,Odele,Hegley,ohegleylc@illinois.edu,Agender
,Joshia,Leavy,jleavyld@noaa.gov,Genderqueer
,Jeremie,Ciccottini,jciccottinile@ucla.edu,Non-binary
,Vicky,Lowings,vlowingslf@ovh.net,Male
,Clemmie,Marchi,cmarchilg@earthlink.net,Polygender
,Kenneth,Maccree,kmaccreelh@webs.com,Genderqueer
,Kerianne,Rattry,krattryli@cdbaby.com,Male
,Deloria,Moniker,dmonikerlj@flavors.me,Agender
,Brina,Aronow,baronowlk@facebook.com,Bigender
,Trista,McGarahan,tmcgarahanll@reddit.com,Bigender
,Juli,Gatus,jgatuslm@surveymonkey.com,Bigender
,Cindi,Beddoes,cbeddoesln@usgs.gov,Bigender
,Xymenes,Sexon,xsexonlo@stumbleupon.com,Female
,Hodge,Droghan,hdroghanlp@nih.gov,Genderfluid
,Cal,Glencross,cglencrosslq@berkeley.edu,Male
,Jobye,Rewcastle,jrewcastlelr@samsung.com,Genderqueer
,Jessee,Crosbie,jcrosbiels@hhs.gov,Genderqueer
,Lionel,Butterfield,lbutterfieldlt@reuters.com,Genderfluid
,Melisenda,Woolatt,mwoolattlu@mayoclinic.com,Polygender
,Devlin,Alejandri,dalejandrilv@slate.com,Female
,Mickey,Howling,mhowlinglw@devhub.com,Non-binary
,Ninon,Schusterl,nschusterllx@nih.gov,Female
,Federica,Urvoy,furvoyly@jalbum.net,Bigender
,Carin,Spackman,cspackmanlz@webeden.co.uk,Male
,Cassy,Gossop,cgossopm0@histats.com,Bigender
,Bear,Le Fleming,bleflemingm1@prweb.com,Male
,Fayth,Fidgeon,ffidgeonm2@sun.com,Male
,Kyla,Waycott,kwaycottm3@prweb.com,Male
,Siouxie,Shouler,sshoulerm4@alexa.com,Male
,Annnora,Tomaselli,atomasellim5@msu.edu,Agender
,Randie,Bee,rbeem6@desdev.cn,Genderqueer
,Gregor,Silvester,gsilvesterm7@sakura.ne.jp,Non-binary
,Dacie,de Mendoza,ddemendozam8@google.com.au,Male
,Amabelle,Grunder,agrunderm9@bravesites.com,Male
,Halsy,Gergher,hgergherma@whitehouse.gov,Female
,Morganne,Medley,mmedleymb@creativecommons.org,Polygender
,Anthiathia,Barmadier,abarmadiermc@arstechnica.com,Non-binary
,Nicola,Knock,nknockmd@theglobeandmail.com,Non-binary
,Broddie,Haverson,bhaversonme@cmu.edu,Agender
,Charity,Tabour,ctabourmf@ca.gov,Bigender
,Cynthea,Pryce,cprycemg@nytimes.com,Male
,Kingsly,Pellingar,kpellingarmh@about.me,Polygender
,Meade,Piola,mpiolami@nba.com,Polygender
,Joete,Cargon,jcargonmj@usgs.gov,Male
,Tandie,Scampion,tscampionmk@php.net,Agender
,Sauncho,Razzell,srazzellml@tamu.edu,Agender
,Clem,Crielly,ccriellymm@imageshack.us,Bigender
,Marcia,Clews,mclewsmn@oaic.gov.au,Genderqueer
,Megan,Dursley,mdursleymo@geocities.com,Agender
,Conn,Lockhurst,clockhurstmp@gmpg.org,Genderqueer
,Sibley,McLarnon,smclarnonmq@webeden.co.uk,Male
,Lem,Van Der Straaten,lvanderstraatenmr@chicagotribune.com,Polygender
,Garek,Kearns,gkearnsms@google.fr,Female
,Sammy,Chatenier,schateniermt@google.es,Genderfluid
,Ellis,Scandrick,escandrickmu@github.com,Genderfluid
,Robyn,Stuffins,rstuffinsmv@seattletimes.com,Bigender
,Hunfredo,Cubitt,hcubittmw@wufoo.com,Bigender
,Leonerd,Lucus,llucusmx@tripod.com,Male
,Rubetta,Karslake,rkarslakemy@microsoft.com,Non-binary
,Verile,Hammerton,vhammertonmz@businesswire.com,Genderqueer
,Matthew,Wrench,mwrenchn0@1und1.de,Polygender
,Oralle,Okill,ookilln1@fastcompany.com,Genderfluid
,Saundra,Rijkeseis,srijkeseisn2@dropbox.com,Genderfluid
,Konrad,Nasey,knaseyn3@slashdot.org,Polygender
,Natka,Annear,nannearn4@japanpost.jp,Genderqueer
,Kary,Haggis,khaggisn5@arstechnica.com,Genderfluid
,Agna,Baldcock,abaldcockn6@scientificamerican.com,Female
,See,MacLeod,smacleodn7@joomla.org,Female
,Colene,Handley,chandleyn8@skyrock.com,Female
,Gunilla,Dack,gdackn9@accuweather.com,Polygender
,Gaspar,Chazelle,gchazellena@uiuc.edu,Male
,Michaela,Gyford,mgyfordnb@nydailynews.com,Non-binary
,Hamish,Meininking,hmeininkingnc@intel.com,Agender
,Lowell,Ronan,lronannd@photobucket.com,Genderfluid
,Laurel,Beel,lbeelne@blog.com,Polygender
,Christy,Dymidowski,cdymidowskinf@vkontakte.ru,Female
,Em,Claricoats,eclaricoatsng@nsw.gov.au,Male
,Laetitia,Mullin,lmullinnh@cbslocal.com,Female
,Joshua,Demschke,jdemschkeni@nationalgeographic.com,Non-binary
,Kendrick,Kender,kkendernj@qq.com,Female
,Quinlan,Ormesher,qormeshernk@kickstarter.com,Bigender
,Decca,Kleinstub,dkleinstubnl@infoseek.co.jp,Polygender
,Dominik,Jizhaki,djizhakinm@123-reg.co.uk,Female
,Miriam,Treadger,mtreadgernn@hibu.com,Male
,Noelyn,Plitz,nplitzno@uol.com.br,Male
,Vergil,Matisoff,vmatisoffnp@usgs.gov,Genderfluid
,Errol,Knappett,eknappettnq@gov.uk,Bigender
,Jedd,Fradson,jfradsonnr@utexas.edu,Non-binary
,Debbie,Lauritsen,dlauritsenns@unc.edu,Bigender
,Ray,Addinall,raddinallnt@nba.com,Agender
,Delores,Gieves,dgievesnu@freewebs.com,Bigender
,Adams,Siemantel,asiemantelnv@independent.co.uk,Agender
,Inna,Filipic,ifilipicnw@posterous.com,Polygender
,Debor,Raselles,drasellesnx@who.int,Genderfluid
,Prissie,Burmaster,pburmasterny@webeden.co.uk,Genderfluid
,Candice,O'Cridigan,cocridigannz@youtu.be,Agender
,Keri,Gabel,kgabelo0@facebook.com,Genderqueer
,Travers,Heck,thecko1@ed.gov,Male
,Chad,Jurisch,cjurischo2@addthis.com,Genderqueer
,Iorgo,MacGinley,imacginleyo3@foxnews.com,Genderqueer
,Lorne,MacMenamin,lmacmenamino4@gizmodo.com,Female
,Joycelin,Riggey,jriggeyo5@multiply.com,Female
,Ravid,Prator,rpratoro6@irs.gov,Genderqueer
,Artair,Mealiffe,amealiffeo7@theglobeandmail.com,Female
,Deanne,Neill,dneillo8@godaddy.com,Female
,Kassia,Comiskey,kcomiskeyo9@wsj.com,Genderfluid
,Curt,Habergham,chaberghamoa@sciencedirect.com,Female
,Camila,Pounder,cpounderob@furl.net,Genderqueer
,Colly,Keoghane,ckeoghaneoc@bigcartel.com,Bigender
,Tessie,Keigher,tkeigherod@springer.com,Polygender
,Joshua,Prandin,jprandinoe@vinaora.com,Male
,Ardelis,Frizell,afrizellof@aol.com,Genderfluid
,Karita,Relton,kreltonog@joomla.org,Non-binary
,Clerissa,Lerer,clereroh@odnoklassniki.ru,Bigender
,Georgeanne,Danilevich,gdanilevichoi@de.vu,Female
,Kipp,Baynes,kbaynesoj@pbs.org,Polygender
,Katharyn,Catterall,kcatterallok@a8.net,Bigender
,Maddalena,Henze,mhenzeol@fotki.com,Male
,Lottie,Dee,ldeeom@wikispaces.com,Genderqueer
,Noelani,Goodright,ngoodrighton@yandex.ru,Female
,Staffard,Levecque,slevecqueoo@discuz.net,Male
,Alethea,Cockerell,acockerellop@state.gov,Non-binary
,Mic,Scanes,mscanesoq@usgs.gov,Bigender
,Averil,Lenton,alentonor@pagesperso-orange.fr,Female
,Kathryne,Westfield,kwestfieldos@mtv.com,Male
,Allie,Antonchik,aantonchikot@usnews.com,Female
,Valerye,Sollner,vsollnerou@slashdot.org,Agender
,Tome,Docker,tdockerov@xrea.com,Male
,Roger,Parkey,rparkeyow@multiply.com,Non-binary
,Dino,Braid,dbraidox@vk.com,Bigender
,Bartlett,Chisholm,bchisholmoy@shop-pro.jp,Male
,Leupold,Howard,lhowardoz@uol.com.br,Genderfluid
,Daffi,Overbury,doverburyp0@comsenz.com,Female
,Ange,Deeny,adeenyp1@nyu.edu,Male
,Estel,Leisman,eleismanp2@list-manage.com,Bigender
,Burgess,Rickcord,brickcordp3@utexas.edu,Genderfluid
,Borg,Coplestone,bcoplestonep4@deliciousdays.com,Male
,Brigg,Beaver,bbeaverp5@histats.com,Non-binary
,Sam,Kirsch,skirschp6@shareasale.com,Male
,Gordy,Hixley,ghixleyp7@webnode.com,Genderfluid
,Gradey,Shade,gshadep8@slashdot.org,Non-binary
,Bendite,Duesbury,bduesburyp9@ca.gov,Male
,Willetta,Lossman,wlossmanpa@theatlantic.com,Agender
,Lemar,Sabati,lsabatipb@patch.com,Male
,Renado,Isack,risackpc@g.co,Bigender
,Hale,Tadd,htaddpd@nih.gov,Bigender
,Rustin,Bernuzzi,rbernuzzipe@umich.edu,Genderfluid
,Donnie,Aucock,daucockpf@ucsd.edu,Female
,Leanora,Shellshear,lshellshearpg@biblegateway.com,Female
,Gunner,Earwicker,gearwickerph@diigo.com,Agender
,Brook,Flucker,bfluckerpi@wunderground.com,Polygender
,Hillier,MacCambridge,hmaccambridgepj@ask.com,Female
,Marylynne,Calfe,mcalfepk@va.gov,Female
,Moses,Wharf,mwharfpl@istockphoto.com,Genderqueer
,Happy,Skrines,hskrinespm@hp.com,Non-binary
,Bradley,Pinkard,bpinkardpn@washington.edu,Bigender
,Clayson,Lebond,clebondpo@freewebs.com,Agender
,Mendy,Ivanyushin,mivanyushinpp@domainmarket.com,Polygender
,Lynnell,Dive,ldivepq@uol.com.br,Non-binary
,Donia,Coultass,dcoultasspr@msu.edu,Male
,Corina,Dimeloe,cdimeloeps@posterous.com,Agender
,Fayth,Bernier,fbernierpt@ocn.ne.jp,Genderfluid
,Jobye,Treasure,jtreasurepu@1688.com,Female
,Kit,Armistead,karmisteadpv@archive.org,Genderqueer
,Stanford,Betts,sbettspw@clickbank.net,Female
,Clementine,Stollmeier,cstollmeierpx@dropbox.com,Bigender
,Lorianna,Burgwyn,lburgwynpy@mit.edu,Male
,Maximilianus,Kunz,mkunzpz@paginegialle.it,Genderfluid
,Jo ann,Gannan,jgannanq0@ted.com,Bigender
,Krysta,Bernaert,kbernaertq1@google.cn,Male
,Blisse,Wardlow,bwardlowq2@go.com,Female
,Tyson,Robberecht,trobberechtq3@w3.org,Genderfluid
,Danika,Critchlow,dcritchlowq4@parallels.com,Non-binary
,Yanaton,Stredder,ystredderq5@bizjournals.com,Female
,Zoe,Godsil,zgodsilq6@sohu.com,Male
,Ole,Hazlegrove,ohazlegroveq7@un.org,Male
,Romonda,Roger,rrogerq8@bing.com,Bigender
,Costanza,Kohrs,ckohrsq9@usda.gov,Non-binary
,Lauretta,Rihanek,lrihanekqa@123-reg.co.uk,Polygender
,Berny,MacMurray,bmacmurrayqb@tripod.com,Non-binary
,Spence,McTurk,smcturkqc@uiuc.edu,Bigender
,Korry,Zanettini,kzanettiniqd@indiatimes.com,Non-binary
,Toby,Searl,tsearlqe@hhs.gov,Genderqueer
,Clio,Hovenden,chovendenqf@indiatimes.com,Genderfluid
,Heinrick,Stiggles,hstigglesqg@rediff.com,Bigender
,Inger,Bricksey,ibrickseyqh@xing.com,Polygender
,Courtney,Krysztowczyk,ckrysztowczykqi@vinaora.com,Female
,Hayes,Tomaini,htomainiqj@cocolog-nifty.com,Genderfluid
,Van,Weddeburn,vweddeburnqk@rakuten.co.jp,Bigender
,Shell,Lawdham,slawdhamql@stumbleupon.com,Polygender
,Inna,MacKonochie,imackonochieqm@homestead.com,Polygender
,Maressa,Illingsworth,millingsworthqn@google.it,Genderfluid
,Jerrine,Bairnsfather,jbairnsfatherqo@hao123.com,Non-binary
,Si,Reignolds,sreignoldsqp@boston.com,Genderqueer
,Fairfax,Baiden,fbaidenqq@adobe.com,Genderqueer
,Margaretha,Torbard,mtorbardqr@ft.com,Agender
,Bellina,Phinn,bphinnqs@ehow.com,Non-binary
,Shelley,Clift,scliftqt@xing.com,Female
,Mireielle,Dunbobbin,mdunbobbinqu@pagesperso-orange.fr,Male
,Gaby,Lillicrop,glillicropqv@sakura.ne.jp,Genderqueer
,Myrtie,Semeniuk,msemeniukqw@diigo.com,Non-binary
,Trudie,Arnow,tarnowqx@ox.ac.uk,Agender
,Chelsea,Albone,calboneqy@phpbb.com,Non-binary
,Terza,Gerrey,tgerreyqz@fastcompany.com,Polygender
,Eugenie,Morratt,emorrattr0@gnu.org,Non-binary
,Annabelle,de Cullip,adecullipr1@tinypic.com,Polygender
,Nestor,O'Duggan,nodugganr2@quantcast.com,Non-binary
,Lynnell,Reboul,lreboulr3@netscape.com,Female
,Dante,Bonner,dbonnerr4@goo.gl,Male
,Andrus,Bernadon,abernadonr5@alexa.com,Female
,Waite,Kemet,wkemetr6@economist.com,Bigender
,Ludvig,Gready,lgreadyr7@youku.com,Genderqueer
,Margalit,Joron,mjoronr8@cdbaby.com,Agender
,Gayel,MacGown,gmacgownr9@123-reg.co.uk,Female
,Janna,Cullnean,jcullneanra@ehow.com,Male
,Brande,Ranner,brannerrb@princeton.edu,Non-binary
,Genvieve,Gaskarth,ggaskarthrc@nih.gov,Female
,Calvin,Dixson,cdixsonrd@blogs.com,Bigender
,Eolanda,Duckitt,educkittre@si.edu,Agender
,Min,Heynen,mheynenrf@aol.com,Polygender
,Martina,Autie,mautierg@dyndns.org,Genderfluid
,Kath,Bassano,kbassanorh@accuweather.com,Non-binary
,Robinette,Yarr,ryarrri@sourceforge.net,Agender
,Giovanni,Handrock,ghandrockrj@wufoo.com,Agender
,Gregoire,McHardy,gmchardyrk@latimes.com,Agender
,Allegra,Lynch,alynchrl@hatena.ne.jp,Genderqueer
,Archibaldo,Tudor,atudorrm@zimbio.com,Genderfluid
,Arabelle,Gerckens,agerckensrn@i2i.jp,Genderqueer
,Teodora,Chesterman,tchestermanro@instagram.com,Male
,Antoine,Di Lucia,adiluciarp@cisco.com,Bigender
,Enid,Shrieve,eshrieverq@pagesperso-orange.fr,Non-binary
,Candida,Bernon,cbernonrr@macromedia.com,Bigender